,City,Max Temp,Cloudiness,Humidity,Wind Speed,Country,Latitude,Longitude,Date
0,Punta Arenas,46.4,75,66,21.85,CL,-53.15,-70.9167,1611788886
1,Kamaishi,33.51,100,83,4.32,JP,39.2667,141.8833,1611788887
2,Chumikan,-13.14,100,88,8.72,RU,54.7183,135.315,1611788888
3,Henties Bay,68.0,6,85,6.13,NA,-22.116,14.2845,1611788889
4,Pangnirtung,-4.0,1,77,4.61,CA,66.1451,-65.7125,1611788890
5,Busselton,55.0,0,81,1.99,AU,-33.65,115.3333,1611788728
6,Pisco,75.2,0,60,10.36,PE,-13.7,-76.2167,1611788893
7,Cap Malheureux,77.0,2,81,1.99,MU,-19.9842,57.6142,1611788894
8,Albany,28.99,87,61,11.99,US,42.6001,-73.9662,1611788895
9,Marawi,71.01,97,85,5.99,PH,7.9986,124.2928,1611788896
10,Dalvik,15.8,90,86,5.75,IS,65.9702,-18.5286,1611788897
11,Saint Paul Harbor,33.8,90,75,4.61,US,57.79,-152.4072,1611788899
12,Poreč,35.01,70,80,8.05,HR,45.2258,13.5939,1611788900
13,Luena,62.08,100,97,2.26,AO,-11.7833,19.9167,1611788652
14,Belyy Yar,10.4,100,92,4.47,RU,53.6039,91.3903,1611788902
15,San Quintín,58.08,80,49,9.75,MX,30.4833,-115.95,1611788903
16,Ushuaia,39.2,40,93,19.57,AR,-54.8,-68.3,1611788904
17,Laas,28.99,0,86,5.73,IT,46.6166,10.7002,1611788905
18,George Town,78.8,20,94,4.59,MY,5.4112,100.3354,1611788907
19,Pargas,30.0,90,93,4.61,FI,60.3067,22.301,1611788908
20,Saint-Joseph,77.0,0,69,5.75,RE,-21.3667,55.6167,1611788868
21,Krasnosel'kup,-39.23,13,82,3.71,RU,65.7,82.4667,1611788910
22,Saint Anthony,14.0,90,57,3.44,US,45.0205,-93.218,1611788911
23,Avarua,87.8,75,58,17.27,CK,-21.2078,-159.775,1611788912
24,Vilyuysk,-47.43,98,77,2.51,RU,63.7553,121.6247,1611788913
25,Kapaa,78.8,75,78,18.41,US,22.0752,-159.319,1611788915
26,Hobart,59.0,75,47,8.05,AU,-42.8794,147.3294,1611788818
27,Fortuna,48.0,75,87,19.57,US,40.5982,-124.1573,1611788917
28,Asău,32.0,100,46,5.55,RO,46.4333,26.4,1611788918
29,Tiksi,-35.39,99,82,2.13,RU,71.6872,128.8694,1611788919
30,Moïssala,76.78,24,21,3.27,TD,8.3404,17.7663,1611788920
31,Port Blair,78.3,94,83,10.67,IN,11.6667,92.75,1611788921
32,Atuona,78.58,3,80,15.7,PF,-9.8,-139.0333,1611788922
33,Paramonga,72.43,87,78,6.69,PE,-10.6667,-77.8333,1611788896
34,Ancud,63.0,20,63,9.22,CL,-41.8697,-73.8203,1611788925
35,Hofn,26.11,13,87,16.31,IS,64.2539,-15.2082,1611788926
36,Kaitangata,53.01,78,73,11.99,NZ,-46.2817,169.8464,1611788927
37,Hithadhoo,81.41,98,78,15.88,MV,-0.6,73.0833,1611788928
38,Jamestown,23.0,90,93,5.97,US,42.097,-79.2353,1611788669
39,Cape Town,64.99,0,68,17.27,ZA,-33.9258,18.4232,1611788704
40,Hilo,77.0,90,69,6.91,US,19.7297,-155.09,1611788932
41,Faanui,81.19,1,74,13.65,PF,-16.4833,-151.75,1611788933
42,Portland,45.0,90,76,11.5,US,45.5234,-122.6762,1611788772
43,Coquimbo,64.4,0,72,13.8,CL,-29.9533,-71.3436,1611788670
44,Bluff,53.01,99,76,17.0,NZ,-46.6,168.3333,1611788936
45,Vaini,75.2,90,94,11.5,TO,-21.2,-175.2,1611788937
46,Kazygurt,30.2,0,74,4.61,KZ,41.7589,69.3864,1611788938
47,Puerto Ayora,84.2,20,70,21.85,EC,-0.7393,-90.3518,1611788940
48,Narsaq,37.4,75,35,27.63,GL,60.9167,-46.05,1611788941
49,Bud,27.0,100,94,14.94,US,39.447,-86.1758,1611788942
50,Rikitea,79.99,91,73,11.79,PF,-23.1203,-134.9692,1611788943
51,Maragogi,76.93,16,84,8.5,BR,-9.0122,-35.2225,1611788946
52,Adrar,67.01,0,23,9.62,MR,20.5022,-10.0711,1611788947
53,Hermanus,55.99,42,89,8.75,ZA,-34.4187,19.2345,1611788948
54,Caxito,80.6,40,83,5.75,AO,-8.5785,13.6643,1611788949
55,Navalmoral de la Mata,52.0,92,94,1.01,ES,39.8916,-5.5406,1611788950
56,Saint Petersburg,34.0,90,86,2.24,RU,59.8944,30.2642,1611788951
57,Laguna,50.0,90,81,21.85,US,38.421,-121.4238,1611788952
58,Nuevo Progreso,71.01,52,58,17.0,MX,23.1667,-97.95,1611788954
59,Buraidah,60.8,0,48,11.5,SA,26.326,43.975,1611788824
60,Qaanaaq,-15.59,0,64,9.73,GL,77.484,-69.3632,1611788956
61,Gouyave,78.8,20,78,12.66,GD,12.1646,-61.7296,1611788957
62,Kapoeta,79.72,0,30,9.1,SS,4.7717,33.5903,1611788958
63,Upernavik,-2.92,99,91,4.0,GL,72.7868,-56.1549,1611788959
64,Skibbereen,50.0,90,100,18.41,IE,51.55,-9.2667,1611788960
65,Honiara,82.22,99,79,9.98,SB,-9.4333,159.95,1611788962
66,Abbeville,46.99,100,44,7.76,FR,50.1,1.8333,1611788963
67,Nanortalik,24.55,100,94,7.78,GL,60.1432,-45.2371,1611788964
68,Mahébourg,73.4,20,88,8.05,MU,-20.4081,57.7,1611788965
69,Praia,71.6,0,73,16.11,CV,14.9215,-23.5087,1611788966
70,Matara,72.64,34,85,4.03,LK,5.9485,80.5353,1611788967
71,Świnoujście,34.0,100,97,16.15,PL,53.9105,14.2471,1611788968
72,Bengkulu,75.33,100,89,5.73,ID,-3.8004,102.2655,1611788969
73,Harboøre,32.0,75,69,7.58,DK,56.6175,8.1807,1611788971
74,Pacific Grove,51.01,90,87,6.91,US,36.6177,-121.9166,1611788787
75,Roald,32.0,90,93,11.5,NO,62.5833,6.1333,1611788973
76,Lebu,59.77,96,76,10.6,CL,-37.6167,-73.65,1611788974
77,Umaria,48.72,0,52,3.78,IN,23.5333,80.8333,1611788975
78,Mataura,53.01,97,76,17.0,NZ,-46.1927,168.8643,1611788976
79,Mayo,39.99,75,60,8.05,US,38.8876,-76.5119,1611788977
80,Makakilo City,82.4,20,51,17.27,US,21.3469,-158.0858,1611788979
81,Glossa,48.2,75,71,14.97,GR,35.4717,23.7763,1611788980
82,Berbera,72.55,12,74,3.38,SO,10.4396,45.0143,1611788838
83,Chui,70.56,43,85,10.13,UY,-33.6971,-53.4616,1611788982
84,Port Elizabeth,64.4,0,77,5.75,ZA,-33.918,25.5701,1611788800
85,Kinkala,69.51,100,95,3.22,CG,-4.3614,14.7644,1611788984
86,Ahipara,72.19,65,66,6.46,NZ,-35.1667,173.1667,1611788985
87,Port Alfred,62.01,59,91,1.99,ZA,-33.5906,26.891,1611788986
88,Nikolskoye,34.0,90,86,2.24,RU,59.7035,30.7861,1611788988
89,Longyearbyen,6.8,20,66,16.11,SJ,78.2186,15.6401,1611788897
90,Progreso,91.4,75,43,9.22,MX,21.2833,-89.6667,1611788990
91,Arraial do Cabo,77.0,0,78,16.11,BR,-22.9661,-42.0278,1611788892
92,Twentynine Palms,53.6,40,40,20.71,US,34.1356,-116.0542,1611788992
93,Basoko,72.82,100,91,4.09,CD,1.2391,23.616,1611788718
94,Karasburg,65.75,0,47,16.22,NA,-28.0167,18.75,1611788994
95,Barrow,-9.4,90,77,5.75,US,71.2906,-156.7887,1611788995
96,Lata,57.0,100,99,2.59,PT,40.1629,-8.3327,1611788997
97,Serebryanyy Bor,-40.38,100,78,4.94,RU,56.8,124.8,1611788998
98,Camacha,62.6,40,94,10.36,PT,33.0833,-16.3333,1611788999
99,New Norfolk,59.0,63,53,1.99,AU,-42.7826,147.0587,1611789000
100,Carnarvon,71.6,0,78,14.97,AU,-24.8667,113.6333,1611788825
101,Cabo San Lucas,72.0,20,60,5.75,MX,22.8909,-109.9124,1611788916
102,Port-Gentil,78.8,90,89,3.44,GA,-0.7193,8.7815,1611789003
103,Vao,78.42,100,85,19.77,NC,-22.6667,167.4833,1611789005
104,Souillac,73.4,20,88,8.05,MU,-20.5167,57.5167,1611789006
105,Bac Lieu,75.45,85,82,14.92,VN,9.285,105.7244,1611788725
106,Isangel,83.68,96,75,17.02,VU,-19.55,169.2667,1611789008
107,San Policarpo,79.88,100,83,13.87,PH,12.1791,125.5072,1611789009
108,Saint George,44.01,90,49,18.41,US,37.1041,-113.5841,1611788748
109,Ponta do Sol,59.0,86,77,1.99,PT,32.6667,-17.1,1611789011
110,Yellowknife,-9.0,75,70,3.44,CA,62.456,-114.3525,1611788947
111,Hokitika,58.06,42,63,20.51,NZ,-42.7167,170.9667,1611789014
112,Sicuani,58.77,51,46,9.08,PE,-14.2694,-71.2261,1611789015
113,Linqiong,41.0,52,100,1.36,CN,30.4159,103.4609,1611789016
114,Vrangel',19.35,100,87,9.84,RU,42.7297,133.0839,1611789017
115,Sørland,32.74,3,89,15.88,NO,67.667,12.6934,1611789018
116,São Paulo de Olivença,76.46,88,95,3.22,BR,-3.3783,-68.8725,1611789020
117,Nova Viçosa,76.87,100,79,7.45,BR,-17.8919,-39.3719,1611789021
118,Lorengau,83.61,88,78,10.02,PG,-2.0226,147.2712,1611789022
119,Amahai,86.0,100,77,5.01,ID,-3.3333,128.9167,1611789023
120,Walvis Bay,68.0,0,82,6.91,NA,-22.9575,14.5053,1611789024
121,Gamba,75.29,100,92,4.38,GA,-2.65,10.0,1611789025
122,Surgut,-23.8,40,76,8.95,RU,61.25,73.4167,1611789026
123,Hong Kong,63.0,0,84,1.99,HK,22.2855,114.1577,1611788990
124,Isla Vista,51.8,90,82,14.97,US,34.4133,-119.861,1611788736
125,Marabba,78.03,15,17,14.0,SD,12.35,32.1833,1611789030
126,Dikson,-20.58,100,86,9.75,RU,73.5069,80.5464,1611789031
127,Vestmannaeyjar,34.61,85,85,26.71,IS,63.4427,-20.2734,1611789032
128,Iqaluit,-5.01,1,71,23.02,CA,63.7506,-68.5145,1611788997
129,Port Lincoln,67.35,80,75,6.55,AU,-34.7333,135.8667,1611788873
130,Madang,75.92,100,93,4.25,PG,-5.2246,145.7966,1611789035
131,Chokurdakh,-14.53,100,89,12.75,RU,70.6333,147.9167,1611789036
132,Saldanha,62.6,0,67,14.97,ZA,-33.0117,17.9442,1611788972
133,São José da Coroa Grande,77.02,18,84,8.84,BR,-8.8978,-35.1478,1611789039
134,Tuatapere,53.01,100,76,17.0,NZ,-46.1333,167.6833,1611789040
135,Deming,46.4,1,34,11.5,US,32.2687,-107.7586,1611789041
136,Calamar,82.4,0,69,11.5,CO,10.2511,-74.9146,1611789042
137,Tudela,48.2,60,100,3.44,ES,42.0617,-1.6045,1611789043
138,Semīrom,33.62,91,69,2.77,IR,31.4167,51.5667,1611789044
139,LaBelle,77.0,1,65,5.75,US,26.7617,-81.4384,1611789046
140,Dickinson,64.99,1,22,16.11,US,29.4608,-95.0513,1611789047
141,Labuhan,77.56,100,86,9.75,ID,-6.8844,112.2051,1611789048
142,Yulara,77.0,98,65,12.66,AU,-25.2406,130.9889,1611789049
143,Aki,42.8,75,70,12.66,JP,33.5,133.9,1611789050
144,Kālikāpur,55.45,41,51,1.7,IN,22.6167,86.2833,1611789051
145,Laives,28.99,0,86,2.39,IT,46.4228,11.3348,1611789052
146,Chardara,35.04,0,84,4.47,KZ,41.2547,67.9692,1611789054
147,North Bend,46.4,90,76,16.55,US,43.4065,-124.2243,1611789055
148,Klaksvík,32.0,20,64,6.91,FO,62.2266,-6.589,1611788955
149,Kurtamysh,19.87,47,95,10.67,RU,54.9103,64.4319,1611789057
150,Sioux Lookout,-5.8,20,71,5.75,CA,50.1001,-91.917,1611789058
151,Ilulissat,6.8,0,51,3.44,GL,69.2167,-51.1,1611789059
152,Saskylakh,-41.6,93,80,1.5,RU,71.9167,114.0833,1611789062
153,Ribeira Grande,61.61,50,81,22.93,PT,38.5167,-28.7,1611789063
154,Middlebury (village),27.0,90,86,4.61,US,44.0153,-73.1673,1611788880
155,Vardø,21.2,90,86,23.02,NO,70.3705,31.1107,1611789066
156,Phalaborwa,77.0,92,88,3.44,ZA,-23.943,31.1411,1611789067
157,Bāglung,48.24,0,40,5.14,NP,28.2719,83.5898,1611789068
158,Cherskiy,-23.42,100,85,4.52,RU,68.75,161.3,1611789069
159,Castro Urdiales,57.99,75,100,1.14,ES,43.3829,-3.2204,1611789070
160,Nicoya,84.2,0,48,12.66,CR,10.1483,-85.452,1611788905
161,Provideniya,8.6,90,92,20.13,RU,64.3833,-173.3,1611788991
162,Burnie,60.01,46,51,11.99,AU,-41.0667,145.9167,1611789073
163,Lavrentiya,-0.2,98,88,17.13,RU,65.5833,-171.0,1611789074
164,Lagoa,60.49,58,83,28.03,PT,39.05,-27.9833,1611789076
165,Cidreira,73.94,100,92,7.4,BR,-30.1811,-50.2056,1611788996
166,Bar Harbor,33.01,90,74,5.75,US,44.3876,-68.2039,1611789078
167,Serik,50.0,40,37,8.05,TR,36.9169,31.0989,1611789079
168,Menongue,64.83,100,88,1.39,AO,-14.6585,17.691,1611789080
169,Yeppoon,80.6,75,65,12.66,AU,-23.1333,150.7333,1611789013
170,São Filipe,74.03,0,68,5.1,CV,14.8961,-24.4956,1611788990
171,Thompson,-14.8,20,84,4.61,CA,55.7435,-97.8558,1611789083
172,Butaritari,80.2,82,81,13.24,KI,3.0707,172.7902,1611789085
173,Esim,78.26,24,88,7.9,GH,4.8699,-2.2405,1611789086
174,Xingyi,45.72,17,97,3.58,CN,24.1877,102.817,1611789087
175,Koumac,83.64,95,65,7.96,NC,-20.5667,164.2833,1611789088
176,San Cristobal,82.4,40,61,6.91,VE,7.7669,-72.225,1611789089
177,Outram,77.0,75,94,6.91,MY,1.2829,103.8379,1611789090
178,Tura,55.54,0,69,3.27,IN,25.5198,90.2201,1611789091
179,Domoni,78.33,0,73,3.96,KM,-12.2569,44.5319,1611789092
180,Vostok,-13.97,55,89,4.72,RU,46.4856,135.8833,1611788962
181,Dicabisagan,72.75,93,82,6.91,PH,17.0818,122.4157,1611789095
182,Ketchikan,33.8,1,60,9.22,US,55.3422,-131.6461,1611788903
183,Severo-Kuril'sk,28.0,100,96,19.26,RU,50.6789,156.125,1611788963
184,Nuuk,23.0,3,49,15.01,GL,64.1835,-51.7216,1611789075
185,Castro,66.74,100,93,5.1,BR,-24.7911,-50.0119,1611789099
186,Lufkin,59.0,1,38,8.05,US,31.3382,-94.7291,1611788966
187,Kieta,84.92,100,73,9.1,PG,-6.2167,155.6333,1611789102
188,Chongwe,68.0,75,100,1.14,ZM,-15.3292,28.682,1611789103
189,Tallahassee,71.6,75,78,4.61,US,30.4383,-84.2807,1611788956
190,São João da Barra,77.97,0,81,17.18,BR,-21.6403,-41.0511,1611789105
191,Sahuaripa,67.87,96,24,5.32,MX,29.05,-109.2333,1611789106
192,Port Augusta,80.01,70,61,3.44,AU,-32.5,137.7667,1611789107
193,Esmeraldas,80.6,0,47,9.22,BR,-19.7625,-44.3139,1611789108
194,Le Port,73.4,0,78,5.75,RE,-20.9373,55.2919,1611789110
195,Redlands,61.0,40,29,4.61,US,34.0556,-117.1825,1611789111
196,Mahajanga,78.8,20,89,2.3,MG,-15.7167,46.3167,1611789112
197,Rodino,20.89,100,98,9.42,RU,52.5,80.25,1611789113
198,Fairbanks,0.0,40,77,1.21,US,64.8378,-147.7164,1611789033
199,Verāval,63.36,10,32,12.59,IN,20.9,70.3667,1611789115
200,Kasempa,62.15,100,94,2.86,ZM,-13.4584,25.8338,1611789116
201,Garoowe,62.51,10,79,8.99,SO,8.4054,48.4845,1611789118
202,Oodweyne,63.86,0,44,4.38,SO,9.4092,45.064,1611789119
203,Tessalit,65.39,0,22,8.23,ML,20.1986,1.0114,1611789120
204,Ushtobe,6.06,0,89,6.49,KZ,45.2514,77.9838,1611789121
205,Ürümqi,1.4,75,85,2.24,CN,43.801,87.6005,1611789122
206,Gayny,27.57,100,98,11.48,RU,60.3071,54.3241,1611789123
207,Roebourne,89.4,0,20,10.2,AU,-20.7833,117.1333,1611789125
208,Helsinki,30.0,75,100,6.91,FI,60.1695,24.9355,1611789126
209,Saint-Philippe,78.8,0,61,8.05,RE,-21.3585,55.7679,1611789127
210,Diffa,70.16,0,18,9.6,NE,13.3154,12.6113,1611789128
211,Ambulu,75.83,98,85,2.42,ID,-8.345,113.6058,1611789129
212,Ballina,80.6,40,65,11.5,AU,-28.8667,153.5667,1611789130
213,Bambous Virieux,77.0,20,88,8.05,MU,-20.3428,57.7575,1611789131
214,Otane,73.99,8,61,17.0,NZ,-39.8833,176.6333,1611789133
215,Airai,62.98,100,100,3.27,TL,-8.9266,125.4092,1611789134
216,Dimbokro,78.76,3,77,5.55,CI,6.6451,-4.7048,1611789135
217,Petropavlovsk-Kamchatskiy,6.8,10,61,8.95,RU,53.0452,158.6483,1611789136
218,Kahului,80.6,40,54,28.77,US,20.8947,-156.47,1611789137
219,Inhambane,79.0,14,88,7.87,MZ,-23.865,35.3833,1611789138
220,Mar del Plata,66.99,0,59,9.22,AR,-38.0023,-57.5575,1611789044
221,Ishim,20.73,98,97,10.49,RU,56.1128,69.4902,1611789141
222,Bako,66.58,0,37,3.13,ET,5.7833,36.5667,1611788861
223,Zhigansk,-48.71,57,75,5.77,RU,66.7697,123.3711,1611789143
224,Tasiilaq,21.2,90,45,18.41,GL,65.6145,-37.6368,1611789144
225,Saint-François,48.2,90,87,3.44,FR,46.4154,3.9054,1611789145
226,Kruisfontein,64.0,88,87,3.15,ZA,-34.0033,24.7314,1611789111
227,Williams Lake,26.6,90,80,9.22,CA,52.1415,-122.1445,1611788955
228,Sassandra,77.43,6,91,6.76,CI,4.95,-6.0833,1611789148
229,Paamiut,30.18,79,83,6.11,GL,61.994,-49.6678,1611789120
230,Ixtapa,71.6,1,78,9.22,MX,20.7,-105.2,1611789151
231,Dingle,75.65,100,90,7.05,PH,10.9995,122.6711,1611789152
232,Dorado,78.8,75,73,11.5,PR,18.4588,-66.2677,1611789153
233,Emerald,82.4,40,61,12.66,AU,-23.5333,148.1667,1611788861
234,Necochea,66.99,56,57,14.67,AR,-38.5473,-58.7368,1611789144
235,Abu Dhabi,64.4,0,88,8.66,AE,24.4667,54.3667,1611788996
236,Obala,71.6,40,88,3.44,CM,4.1667,11.5333,1611789157
237,Gryazovets,27.68,99,98,7.2,RU,58.88,40.2525,1611789158
238,Mossamedes,73.9,92,78,8.59,AO,-15.1961,12.1522,1611789023
239,Dhidhdhoo,80.96,65,67,10.02,MV,6.8833,73.1,1611789161
240,Traralgon,66.99,100,72,4.0,AU,-38.1833,146.5333,1611789162
241,Umm Kaddadah,70.14,46,19,15.35,SD,13.6017,26.6876,1611789163
242,Khatanga,-30.41,0,80,7.14,RU,71.9667,102.5,1611789164
243,Oxford,48.2,75,100,3.44,GB,51.7522,-1.256,1611789165
244,The Valley,78.8,40,73,11.5,AI,18.217,-63.0578,1611789166
245,Vahan,29.17,100,86,6.55,AM,40.5755,45.3977,1611789168
246,La Ronge,-0.4,45,71,8.05,CA,55.1001,-105.2842,1611788973
247,Geraldton,60.8,0,82,8.05,AU,-28.7667,114.6,1611789170
248,Half Moon Bay,51.01,90,87,8.05,US,37.4636,-122.4286,1611789171
249,Mīrābād,40.42,0,51,2.82,AF,30.4362,61.8383,1611789172
250,Kirkenes,21.2,75,68,13.8,NO,69.7271,30.0458,1611789173
251,Rosetta,59.0,40,55,13.8,EG,31.4044,30.4164,1611789174
252,Mehrān,42.8,0,49,6.91,IR,33.1222,46.1646,1611789175
253,Iranshahr,46.76,0,40,0.4,IR,27.2025,60.6848,1611789177
254,Naifaru,80.38,60,67,11.14,MV,5.4444,73.3657,1611789178
255,Konstantinovka,-24.14,52,84,4.18,RU,49.6167,127.9833,1611789179
256,Mongu,65.21,99,94,5.97,ZM,-15.2484,23.1274,1611789180
257,Mayya,-49.0,100,59,2.06,RU,61.7333,130.2811,1611789181
258,Sabha,45.5,0,54,4.68,LY,27.0377,14.4283,1611789182
259,Mt. Pleasant,55.99,90,100,9.95,US,32.7941,-79.8626,1611789183
260,Hutchinson,26.6,1,63,4.61,US,38.0608,-97.9298,1611788926
261,Salina Cruz,87.08,19,48,5.61,MX,16.1667,-95.2,1611789186
262,Pevek,-23.24,100,87,3.47,RU,69.7008,170.3133,1611788970
263,Lazarev,-0.18,100,93,13.49,RU,52.225,141.5131,1611789188
264,Constitución,60.91,74,68,20.76,CL,-35.3333,-72.4167,1611789118
265,Akdepe,23.0,0,86,6.91,TM,42.0551,59.3788,1611789190
266,Boissevain,0.0,75,77,5.75,CA,49.2306,-100.0559,1611789191
267,San Miguel de Tucumán,86.0,0,51,5.75,AR,-26.8241,-65.2226,1611789006
268,Arlit,63.84,0,25,7.09,NE,18.7369,7.3853,1611789161
269,Am Timan,73.51,68,20,6.44,TD,11.0297,20.2827,1611789195
270,Santiago,82.99,0,32,8.05,CL,-33.4569,-70.6483,1611789196
271,Byron Bay,80.6,40,65,11.5,AU,-28.65,153.6167,1611789197
272,East London,69.35,78,81,16.17,ZA,-33.0153,27.9116,1611789198
273,Orizona,70.61,95,86,3.2,BR,-17.0314,-48.2958,1611789199
274,Nagato,41.0,40,87,3.44,JP,34.3833,131.2,1611789033
275,Sibu,73.4,40,100,2.3,MY,2.3,111.8167,1611789201
276,Nome,17.6,90,62,10.36,US,64.5011,-165.4064,1611789071
277,Broome,26.01,90,86,8.05,US,42.2506,-75.833,1611789204
278,Tateyama,45.0,75,65,14.97,JP,34.9833,139.8667,1611789205
279,Iracoubo,76.82,53,82,11.07,GF,5.4802,-53.2011,1611789206
280,Philadelphia,35.6,90,55,13.8,US,39.9523,-75.1638,1611789139
281,Shādegān,57.2,100,72,4.32,IR,30.6497,48.6647,1611789122
282,Auki,82.72,97,79,10.71,SB,-8.7676,160.7034,1611789209
283,Mandalgovi,-6.95,0,81,10.63,MN,45.7625,106.2708,1611789210
284,Yekaterinogradskaya,32.0,90,100,2.75,RU,43.7635,44.2317,1611789211
285,Chimoio,69.8,75,100,0.72,MZ,-19.1164,33.4833,1611789212
286,Keetmanshoop,69.19,0,43,15.82,NA,-26.5833,18.1333,1611789214
287,Tahoua,70.65,0,16,12.62,NE,14.8888,5.2692,1611789215
288,Vila,53.01,100,96,6.26,PT,42.0304,-8.1588,1611789020
289,Adria,32.0,40,88,4.74,IT,45.0564,12.0578,1611789217
290,Staryy Nadym,-36.22,94,81,4.14,RU,65.6118,72.6842,1611789218
291,Lakatoro,78.01,100,86,8.16,VU,-16.0999,167.4164,1611789219
292,Plácido de Castro,76.59,96,94,1.43,BR,-10.3353,-67.1856,1611789220
293,Saint-Pierre,77.0,0,69,5.75,RE,-21.3393,55.4781,1611788958
294,Luquillo,78.8,75,69,5.75,PR,18.3725,-65.7166,1611789223
295,Bredasdorp,55.4,86,76,5.75,ZA,-34.5322,20.0403,1611788941
296,São Gabriel da Cachoeira,76.6,100,94,1.68,BR,-0.1303,-67.0892,1611789225
297,Port Macquarie,78.8,90,78,4.61,AU,-31.4333,152.9167,1611789226
298,Coyhaique,55.4,75,54,5.75,CL,-45.5752,-72.0662,1611788955
299,Karasjok,23.0,90,63,10.36,NO,69.4719,25.5112,1611789224
300,Lakes Entrance,68.0,100,66,8.99,AU,-37.8811,147.981,1611789229
301,Salalah,68.0,0,73,2.3,OM,17.0151,54.0924,1611788988
302,Praia da Vitória,60.8,40,100,23.85,PT,38.7333,-27.0667,1611788987
303,Madimba,78.69,1,80,6.38,TZ,-10.4,40.3333,1611789233
304,Khvastovichi,28.17,100,98,6.04,RU,53.4694,35.0941,1611789234
305,Bethel,30.2,90,69,5.75,US,41.3712,-73.414,1611789201
306,Klæbu,26.01,90,100,6.91,NO,63.2976,10.4826,1611789236
307,Meïganga,69.19,81,28,4.41,CM,6.5167,14.3,1611789237
308,Katsuura,46.0,75,65,14.97,JP,35.1333,140.3,1611789138
309,Kayerkan,-28.91,93,85,2.53,RU,69.3497,87.7602,1611789239
310,Tuktoyaktuk,-27.4,20,75,5.75,CA,69.4541,-133.0374,1611789241
311,Oussouye,71.6,0,83,4.61,SN,12.485,-16.5469,1611789242
312,Cayenne,78.8,75,78,4.61,GF,4.9333,-52.3333,1611789243
313,Sonoita,60.01,69,31,6.13,MX,31.85,-112.8333,1611789244
314,Dauphin,-7.6,1,71,5.75,CA,51.1494,-100.0502,1611789245
315,Bilma,64.53,0,26,14.47,NE,18.6853,12.9164,1611789246
316,Shenjiamen,44.76,63,80,14.56,CN,29.9576,122.298,1611789247
317,Codrington,69.33,71,65,16.64,AU,-38.2667,141.9667,1611789248
318,Aginskoye,-21.73,6,81,7.16,RU,51.1,114.53,1611789250
319,Sakaiminato,44.6,75,70,13.8,JP,35.55,133.2333,1611789251
320,Tūkrah,54.77,89,63,13.24,LY,32.5341,20.5791,1611789252
321,Meulaboh,75.4,100,84,5.28,ID,4.1363,96.1285,1611788994
322,Conde,78.8,75,89,8.05,BR,-7.2597,-34.9075,1611789254
323,Avera,57.2,90,86,3.44,US,33.194,-82.5271,1611789253
324,Belmonte,78.8,20,69,6.91,BR,-15.8631,-38.8828,1611789256
325,Ponta Delgada,63.0,75,94,18.41,PT,37.7333,-25.6667,1611789258
326,Okha,8.82,100,95,16.78,RU,53.5739,142.9478,1611789259
327,Uzhur,-0.99,100,91,6.17,RU,55.3036,89.8339,1611789260
328,Tanete,78.08,85,81,1.61,ID,-3.9443,119.7848,1611789261
329,Chaozhou,53.6,0,94,4.32,CN,23.6651,116.6379,1611789262
330,Maple Creek,21.2,97,73,26.46,CA,49.9168,-109.4848,1611789263
331,Nombre de Dios,71.6,40,5,9.22,MX,23.85,-104.2333,1611789264
332,Altus,44.01,1,42,6.91,US,34.6381,-99.334,1611789266
333,Yarensk,31.86,100,98,10.0,RU,62.1675,49.0916,1611789267
334,Boa Vista,82.4,40,65,9.22,BR,2.8197,-60.6733,1611789268
335,Gravdal,28.72,3,91,12.39,NO,68.1214,13.5031,1611789269
336,Torbay,28.0,90,80,6.91,CA,47.6666,-52.7314,1611789256
337,Saran,50.0,90,100,10.36,FR,47.9501,1.876,1611789271
338,Kutum,59.54,58,26,7.94,SD,14.2,24.6667,1611789272
339,Bethanien,69.85,0,40,12.68,NA,-26.502,17.1583,1611789273
340,Kavaratti,80.56,71,67,11.01,IN,10.5669,72.642,1611789275
341,Fare,81.14,6,72,12.8,PF,-16.7,-151.0167,1611789276
342,Tongchuanshi,28.99,71,73,3.56,CN,35.0806,109.0897,1611789277
343,Svecha,32.61,100,97,13.15,RU,58.2785,47.5164,1611789278
344,Kavieng,84.45,88,73,10.6,PG,-2.5744,150.7967,1611788982
345,Marfino,32.0,75,80,4.47,RU,55.7028,37.3822,1611789280
346,Leningradskiy,-16.69,100,87,3.69,RU,69.3833,178.4167,1611789281
347,Lexington Park,44.6,90,65,6.73,US,38.2668,-76.4538,1611789283
348,Kinablangan,76.46,100,82,5.99,PH,7.6947,126.5503,1611789284
349,Invermere,28.0,100,76,4.0,CA,50.5167,-116.0354,1611789285
350,Assiut,51.8,0,66,11.5,EG,27.181,31.1837,1611789286
351,Okhotsk,-12.39,73,78,10.94,RU,59.3833,143.3,1611789287
352,Vila Franca do Campo,63.0,75,94,18.41,PT,37.7167,-25.4333,1611789288
353,Carbonia,55.99,40,82,5.75,IT,39.1672,8.5222,1611789289
354,Hasaki,35.6,40,87,6.91,JP,35.7333,140.8333,1611789290
355,Gisborne,80.71,14,48,3.58,NZ,-38.6533,178.0042,1611789292
356,Taoudenni,69.85,0,31,16.89,ML,22.6783,-3.9836,1611789035
357,Porto-Novo,84.2,40,84,11.5,BJ,6.4965,2.6036,1611789294
358,San Patricio,69.8,75,23,13.8,US,28.017,-97.5169,1611789295
359,Pittsburg,51.01,90,81,6.91,US,38.028,-121.8847,1611789296
360,Hirara,62.6,20,77,4.61,JP,24.8,125.2833,1611789297
361,Hudson Bay,-3.48,15,90,4.23,CA,52.85,-102.3842,1611789298
362,Waterfoot,41.0,100,98,14.38,GB,53.6929,-2.2525,1611789299
363,Korčula,28.4,0,74,2.3,HR,42.9622,17.1369,1611789301
364,Nsanje,74.62,99,89,1.7,MW,-16.92,35.262,1611789302
365,Pitimbu,78.8,75,89,8.05,BR,-7.4706,-34.8086,1611789303
366,Los Llanos de Aridane,64.0,0,88,8.05,ES,28.6585,-17.9182,1611789305
367,Gizo Government Station,85.59,93,72,11.97,SB,-8.103,156.8419,1611789306
368,Eichstätt,32.0,75,100,8.05,DE,48.8833,11.1833,1611789307
369,Padang,71.6,40,94,3.44,ID,-0.9492,100.3543,1611789087
370,Kailua,82.4,90,61,14.97,US,21.4022,-157.7394,1611789309
371,La Palma,62.01,1,39,9.22,US,33.8464,-118.0467,1611789310
372,Opuwo,70.36,100,64,4.85,NA,-18.0607,13.84,1611789311
373,Kaili,68.9,96,92,1.95,ID,-3.4626,120.2147,1611789313
374,Ndélé,74.64,100,22,4.14,CF,8.4109,20.6473,1611789314
375,Khorinsk,-27.69,42,81,0.94,RU,52.1657,109.7726,1611789315
376,Vicuña,64.4,0,72,13.8,CL,-30.0319,-70.7081,1611789072
377,Leshukonskoye,25.32,100,99,2.82,RU,64.8989,45.7622,1611789317
378,Grindavik,32.0,0,64,21.85,IS,63.8424,-22.4338,1611789311
379,Palmer,32.0,98,88,2.71,US,42.1584,-72.3287,1611789320
380,Bilibino,-11.24,100,83,7.0,RU,68.0546,166.4372,1611789321
381,Jejūri,66.15,0,37,4.5,IN,18.2833,74.1667,1611789322
382,Rawson,67.32,87,39,11.39,AR,-43.3002,-65.1023,1611789323
383,Kurumkan,-23.17,78,78,2.21,RU,54.3,110.3,1611789324
384,Khandyga,-54.35,76,71,0.38,RU,62.6667,135.6,1611789327
385,Starkville,52.0,75,62,8.05,US,33.4504,-88.8184,1611789328
386,Touros,78.8,20,78,8.05,BR,-5.1989,-35.4608,1611789121
387,Sarangani,80.67,69,77,12.26,PH,5.4033,125.4636,1611789124
388,Doha,60.8,0,72,2.3,QA,25.2867,51.5333,1611789331
389,Humaitá,76.64,98,94,1.45,BR,-7.5061,-63.0208,1611789332
390,Talcahuano,62.6,0,72,18.41,CL,-36.7167,-73.1167,1611789333
391,Bara,74.88,11,17,11.21,NG,10.3744,10.7288,1611789334
392,Mercedes,82.99,0,45,4.0,AR,-34.6515,-59.4307,1611789336
393,Ahar,30.54,100,83,9.33,IR,38.4774,47.0699,1611789337
394,Mabaruma,72.81,82,88,4.03,GY,8.2,-59.7833,1611789338
395,Barraute,8.6,90,92,9.22,CA,48.4335,-77.6328,1611789339
396,Palauig,77.68,45,75,3.96,PH,15.435,119.9045,1611789340
397,Pinehurst,50.0,90,81,4.61,US,35.1954,-79.4695,1611789128
398,Omsukchan,-32.78,100,80,5.73,RU,62.5333,155.8,1611789342
399,Lixouri,48.13,21,57,21.43,GR,38.2019,20.4314,1611789343
400,Port Hardy,41.0,75,75,12.66,CA,50.6996,-127.4199,1611789344
401,Balagansk,-8.32,100,90,10.98,RU,54.0103,103.0544,1611789346
402,Egvekinot,-13.4,98,87,22.24,RU,66.3167,-179.1667,1611789150
403,Boguchany,-10.84,100,87,7.0,RU,58.3814,97.4531,1611789348
404,Jieshi,62.01,5,81,9.22,CN,22.8134,115.8257,1611789349
405,Bumba,73.2,100,89,3.71,CD,2.1833,22.4667,1611789350
406,Pimentel,75.2,0,69,26.46,PE,-6.8367,-79.9342,1611789136
407,Virginia Beach,45.0,90,61,5.75,US,36.8529,-75.978,1611789110
408,Astoria,44.01,90,81,4.61,US,46.1879,-123.8313,1611789353
409,Develi,41.0,75,65,12.66,TR,38.3906,35.4922,1611789355
410,Tezu,56.64,0,33,4.43,IN,27.9167,96.1667,1611789356
411,Sillod,61.97,0,44,1.86,IN,20.3,75.65,1611789357
412,Siyabuswa,71.8,100,78,7.16,ZA,-25.1132,29.0445,1611789358
413,Caravelas,76.06,100,81,5.08,BR,-17.7125,-39.2481,1611789145
414,Presidencia Roque Sáenz Peña,84.0,22,62,1.99,AR,-26.7852,-60.4388,1611789360
415,Kloulklubed,78.8,90,89,4.61,PW,7.0419,134.2556,1611789361
416,Palekastro,46.99,0,52,19.86,GR,35.2,26.25,1611789363
417,Abalak,21.06,99,98,5.59,RU,58.1286,68.5944,1611789364
418,Ternate,80.49,91,78,4.59,ID,0.8,127.4,1611789268
419,Sitka,30.2,1,37,8.05,US,57.0531,-135.33,1611789157
420,Hobyo,75.67,10,77,18.72,SO,5.3505,48.5268,1611789179
421,Muros,57.99,100,92,15.01,ES,42.7762,-9.0603,1611789368
422,Ambilobe,73.92,26,92,1.16,MG,-13.2,49.05,1611789369
423,Douglas,26.6,40,63,2.06,US,41.3,-96.167,1611789189
424,Acapulco de Juárez,84.2,40,70,5.75,MX,16.8634,-99.8901,1611789372
425,College,0.0,40,77,1.68,US,64.8569,-147.8028,1611789373
426,Assiniboia,6.8,95,78,14.97,CA,49.6334,-105.9845,1611789374
427,Norman Wells,-20.2,75,76,4.61,CA,65.282,-126.8329,1611789305
428,Xam Nua,58.55,57,91,2.98,LA,20.4197,104.0439,1611789376
429,Alofi,80.6,75,83,9.22,NU,-19.0595,-169.9187,1611789166
430,São Sebastião do Paraíso,67.21,93,92,4.45,BR,-20.9169,-46.9914,1611789379
431,Sakakah,57.2,0,54,5.75,SA,29.9697,40.2064,1611789380
432,Waipawa,68.0,90,83,26.46,NZ,-41.4122,175.5153,1611789381
433,Staroye Drozhzhanoye,24.69,100,96,12.46,RU,54.7266,47.5677,1611789382
434,Teahupoo,87.8,40,58,4.61,PF,-17.8333,-149.2667,1611789384
435,Pathalgaon,56.37,0,54,5.91,IN,22.5667,83.4667,1611789385
436,Moose Factory,1.4,90,78,13.8,CA,51.2585,-80.6094,1611789386
437,Arbazh,27.84,100,98,13.8,RU,57.6804,48.3065,1611789387
438,La Rioja,46.4,0,100,6.82,ES,42.25,-2.5,1611789388
439,San Jose,48.2,90,81,25.32,US,37.3394,-121.895,1611789271
440,Port Hedland,84.2,0,79,10.36,AU,-20.3167,118.5667,1611789391
441,Tingo María,75.45,100,79,0.76,PE,-9.2895,-76.0088,1611789196
442,Bucerías,71.6,1,78,9.22,MX,20.75,-105.3333,1611789393
443,Mahon,51.8,0,93,4.61,ES,39.8885,4.2658,1611789394
444,Qaryat Sulūq,52.99,95,63,7.49,LY,31.6682,20.2521,1611789395
445,Yagodnoye,-32.94,100,80,2.24,RU,62.55,149.6667,1611789396
446,Kenora,-5.01,75,71,3.44,CA,49.8167,-94.4337,1611789398
447,Kantemirovka,34.86,100,91,14.9,RU,49.7089,39.8592,1611789399
448,Krotovka,16.72,99,94,12.46,RU,53.2858,51.1686,1611789400
449,Newport,50.0,100,98,1.01,GB,51.5877,-2.9984,1611789401
450,Mel'nikovo,-9.0,99,84,3.09,RU,56.5558,84.085,1611789402
451,Bonthe,77.63,0,86,8.16,SL,7.5264,-12.505,1611789156
452,Angoche,78.01,91,87,6.76,MZ,-16.2325,39.9086,1611789404
453,Arroio Grande,68.49,89,92,1.19,BR,-32.2375,-53.0869,1611789406
454,Ciudad Bolivar,82.67,100,55,12.12,VE,8.1222,-63.5497,1611789407
455,Don Sak,75.2,20,94,4.61,TH,9.3168,99.6918,1611789408
456,Mount Gambier,69.8,35,60,14.97,AU,-37.8333,140.7667,1611789409
457,San Ramon,50.0,90,76,12.66,US,37.7799,-121.978,1611789410
458,Bambanglipuro,74.77,98,90,5.44,ID,-7.95,110.2833,1611789411
459,Stokmarknes,24.01,83,68,5.01,NO,68.5646,14.9108,1611789413
460,Paşcani,32.0,100,76,21.74,RO,47.2469,26.7229,1611789414
461,Yar-Sale,-36.92,77,81,5.59,RU,66.8333,70.8333,1611789415
462,Kuusamo,12.2,90,85,6.91,FI,65.9667,29.1833,1611789416
463,Torquay,51.01,100,100,3.0,GB,50.4638,-3.5143,1611789417
464,Natitingou,75.85,2,17,6.49,BJ,10.3042,1.3796,1611789418
465,Mount Isa,86.0,0,58,3.44,AU,-20.7333,139.5,1611789193
466,Najrān,53.6,0,43,2.15,SA,17.4924,44.1277,1611789421
467,Reftinskiy,24.8,20,80,8.95,RU,57.0901,61.6769,1611789422
468,Moju,80.6,40,83,4.61,BR,-1.8839,-48.7689,1611789423
469,Nizhniy Kuranakh,-38.31,100,79,2.24,RU,58.8353,125.4869,1611789424
470,Halifax,30.2,75,74,4.61,CA,44.6453,-63.5724,1611789234
471,Sola,82.33,100,79,19.39,VU,-13.8833,167.55,1611789175
472,Kamenka,32.0,100,97,3.0,RU,51.3223,42.7678,1611789427
473,Khoni,62.6,75,20,27.63,GE,42.3226,42.4206,1611789428
474,Soyo,79.88,100,80,0.98,AO,-6.1349,12.3689,1611789181
475,Qaqortoq,37.4,75,35,27.63,GL,60.7167,-46.0333,1611789431
476,Nizhnevartovsk,-25.6,0,68,4.47,RU,60.9344,76.5531,1611789432
477,Yangambi,69.8,88,95,1.95,CD,0.8102,24.4336,1611789433
478,Esperance,64.4,75,88,10.36,AU,-33.8667,121.9,1611789434
479,Talnakh,-26.77,70,82,3.89,RU,69.4865,88.3972,1611789435
480,Yangi Marg`ilon,28.4,0,64,6.91,UZ,40.4272,71.7189,1611789436
481,Qasigiannguit,6.8,0,51,3.44,GL,68.8193,-51.1922,1611789438
482,Matai,57.24,19,91,1.68,TZ,-8.3,31.5167,1611789439
483,Iskateley,-4.25,100,92,17.4,RU,67.6803,53.1512,1611789440
484,Ometepec,84.52,61,41,7.0,MX,16.6833,-98.4167,1611789441
485,Kunashak,26.6,0,80,11.18,RU,55.7032,61.5498,1611789442
486,Oistins,78.8,20,69,16.11,BB,13.0667,-59.5333,1611789444
487,Churapcha,-51.59,90,76,2.57,RU,62.0025,132.4325,1611789445
488,Kalmunai,74.89,93,80,8.48,LK,7.4167,81.8167,1611789446
489,Yerbogachën,-40.77,83,80,5.64,RU,61.2767,108.0108,1611789278
490,Urgut,32.0,0,69,9.22,UZ,39.4022,67.2431,1611789448
491,Anloga,82.4,93,83,9.22,GH,5.7947,0.8973,1611789449
492,Balikpapan,75.2,20,94,2.3,ID,-1.2675,116.8289,1611789441
493,Mahon,51.8,0,93,4.61,ES,39.8885,4.2658,1611789451
494,Karratha,88.54,0,21,8.46,AU,-20.7377,116.8463,1611789453
495,Udachny,-40.29,7,79,0.98,RU,66.4167,112.4,1611789454
496,Lahat,71.89,100,93,2.91,ID,-3.8,103.5333,1611789455
497,Goderich,21.2,100,79,8.05,CA,43.7501,-81.7165,1611789456
498,Bazarnye Mataki,22.51,100,97,15.88,RU,54.8833,49.9333,1611789457
499,El Tarra,77.32,73,70,2.13,CO,8.5756,-73.0949,1611789458
500,Gweta,72.81,64,79,9.28,BW,-20.1833,25.2333,1611789459
501,Jevnaker,19.99,0,92,4.61,NO,60.2414,10.385,1611789461
502,Red Bluff,50.0,90,81,23.02,US,40.1785,-122.2358,1611789462
503,Mingshui,25.21,0,68,11.21,CN,36.7167,117.5,1611789463
504,Grenville,78.8,20,78,12.66,GD,12.1167,-61.6167,1611789464
505,Manado,75.2,40,94,2.3,ID,1.487,124.8455,1611789465
506,Yārāda,73.4,20,88,2.3,IN,17.65,83.2667,1611789466
507,San Angelo,57.2,1,26,9.22,US,31.4638,-100.437,1611789436
508,Nizhniy Odes,22.37,100,98,7.61,RU,63.6445,54.856,1611789469
509,Sühbaatar,-20.33,30,83,4.23,MN,50.2314,106.2078,1611789302
510,Guánica,78.01,0,72,1.01,PR,17.9716,-66.908,1611789471
511,Ascension,64.4,1,42,12.66,US,30.2169,-90.9001,1611789358
512,Strezhevoy,-25.6,0,68,4.47,RU,60.7333,77.5889,1611789473
513,Comodoro Rivadavia,62.6,40,48,14.97,AR,-45.8667,-67.5,1611789231
514,Capoterra,55.99,40,82,5.75,IT,39.1763,8.9718,1611789476
515,Cardonal,58.48,33,80,11.16,MX,20.6,-99.1333,1611789477
516,Lüderitz,67.71,0,61,27.29,NA,-26.6481,15.1594,1611789269
517,Guerrero Negro,63.46,100,39,10.71,MX,27.9769,-114.0611,1611789289
518,Mednogorsk,11.53,60,94,5.35,RU,51.4128,57.595,1611789480
519,Piojó,82.4,0,78,10.36,CO,10.7485,-75.1078,1611789481
520,Ukiah,50.0,90,81,8.05,US,39.1502,-123.2078,1611789262
521,Kenai,15.01,40,85,6.91,US,60.5544,-151.2583,1611789483
522,Flagstaff,37.99,1,40,5.75,US,35.1981,-111.6513,1611789484
523,Zunheboto,44.56,3,96,3.09,IN,25.9667,94.5167,1611789486
524,Honolulu,82.4,40,54,23.02,US,21.3069,-157.8583,1611789301
525,Fort Nelson,-5.8,75,65,3.44,CA,58.8053,-122.7002,1611789488
526,Calvinia,63.07,0,54,5.28,ZA,-31.4707,19.776,1611789489
527,Rodrigues Alves,82.4,40,74,4.61,BR,-7.738,-72.6509,1611789490
528,Porbandar,60.89,0,40,10.27,IN,21.6422,69.6093,1611789491
529,Hambantota,74.12,29,76,12.8,LK,6.1241,81.1185,1611789492
530,Chernyshevskiy,-46.32,44,81,1.54,RU,63.0128,112.4714,1611789493
531,Aklavik,-14.8,100,76,2.73,CA,68.2191,-135.0107,1611789495
532,Shelburne,19.4,90,86,4.61,CA,44.0787,-80.2041,1611789496
533,Huarmey,72.88,100,75,9.46,PE,-10.0681,-78.1522,1611789497
534,Durrës,30.2,0,74,4.61,AL,41.3231,19.4414,1611789498
535,Jiujiang,42.85,45,90,9.4,CN,29.7333,115.9833,1611789499
536,Trat,72.55,85,93,1.81,TH,12.5,102.5,1611789500
537,Izumo,37.4,75,93,4.61,JP,35.3667,132.7667,1611789501
538,Ankang,40.19,95,62,1.45,CN,32.68,109.0172,1611789502
539,Skibotn,26.6,0,50,13.8,NO,69.3913,20.2679,1611789503
540,Vaitape,81.18,1,74,13.6,PF,-16.5167,-151.75,1611789505
541,Summerville,55.4,90,94,5.99,US,33.0185,-80.1757,1611789506
542,Richards Bay,73.4,100,95,9.4,ZA,-28.783,32.0377,1611789507
543,Beringovskiy,16.74,100,96,27.22,RU,63.05,179.3167,1611789508
544,Seoul,30.2,0,69,6.91,KR,37.5683,126.9778,1611789252
545,Haverfordwest,48.2,90,100,14.97,GB,51.8017,-4.9691,1611789510
546,La Asuncion,75.76,79,86,14.05,VE,11.0333,-63.8628,1611789511
547,Sorong,81.84,100,80,11.01,ID,-0.8833,131.25,1611789429
548,Manhumirim,67.3,5,76,2.26,BR,-20.3578,-41.9581,1611789514
549,Udon Thani,69.01,33,68,5.19,TH,17.3333,102.8333,1611789515
550,Holme,33.8,75,93,8.05,DK,56.1138,10.1725,1611789516
551,Luanda,80.6,40,83,5.75,AO,-8.8368,13.2343,1611789517
552,Natal,80.6,20,78,12.66,BR,-5.795,-35.2094,1611789385
553,Conceição do Araguaia,76.1,99,90,3.33,BR,-8.2578,-49.2647,1611789519
554,Chivay,49.5,45,54,11.21,PE,-15.6383,-71.6011,1611789520
555,Hajnówka,30.99,98,91,4.0,PL,52.7433,23.5812,1611789522
556,San Juan,94.89,5,19,10.29,AR,-31.5375,-68.5364,1611789282
557,Nacala,77.7,47,87,4.61,MZ,-14.5428,40.6728,1611789525
558,Kassala,70.88,61,58,5.95,SD,15.451,36.4,1611789526
559,Jiangdu,42.01,18,94,14.85,CN,32.4286,119.5574,1611789527
560,Lompoc,53.6,90,87,14.97,US,34.6391,-120.4579,1611789325
561,Honāvar,70.32,2,71,3.56,IN,14.2833,74.45,1611789529
562,Husavik,15.8,90,86,9.31,IS,66.0449,-17.3389,1611789530
